UT;DI;TI;SO;PY;DT;LA;TC;AU;C1;CR;DE;ID;AB
https://openalex.org/W2101234009;https://doi.org/10.48550/arxiv.1201.0490;Scikit-learn: Machine Learning in Python;arXiv (Cornell University);2012;preprint;en;63665;['Fabián Pedregosa', 'Gaël Varoquaux', 'Alexandre Gramfort', 'Vincent Michel', 'Bertrand Thirion', 'Olivier Grisel', 'Mathieu Blondel', 'Müller, Andreas', 'Nothman, Joel', 'Louppe, Gilles', 'Peter Prettenhofer', 'Ron J. Weiss', 'Vincent Dubourg', 'Jake Vanderplas', 'Alexandre Passos', 'David Cournapeau', 'Matthieu Brucher', 'Matthieu Perrot', 'Édouard Duchesnay'];"['Bauhaus-Universität Weimar', 'Amherst College', 'University of Massachusetts Amherst', 'Kobe University', ""Commissariat à l'Énergie Atomique et aux Énergies Alternatives"", 'Google (Canada)', 'Enthought (United States)', 'Total (France)', 'University of Washington', 'CEA Paris-Saclay', 'Nuxe (France)']";['https://openalex.org/W1496508106', 'https://openalex.org/W1571024744', 'https://openalex.org/W2024933578', 'https://openalex.org/W2035776949', 'https://openalex.org/W2040387238', 'https://openalex.org/W2047804403', 'https://openalex.org/W2063978378', 'https://openalex.org/W2097360283', 'https://openalex.org/W2097850441', 'https://openalex.org/W2118585731', 'https://openalex.org/W2146292423', 'https://openalex.org/W2152799677', 'https://openalex.org/W2153635508'];['Python (programming language)', 'Documentation', 'Computer science', 'MIT License', 'Artificial intelligence', 'Machine learning', 'Programming language', 'License', 'Software engineering', 'Operating system'];['Python (programming language)', 'Documentation', 'Computer science', 'MIT License', 'Artificial intelligence', 'Machine learning', 'Programming language', 'License', 'Software engineering', 'Operating system'];Scikit-learn is a Python module integrating a wide range of state-of-the-art machine learning algorithms for medium-scale supervised and unsupervised problems. This package focuses on bringing machine learning to non-specialists using a general-purpose high-level language. Emphasis is put on ease of use, performance, documentation, and API consistency. It has minimal dependencies and is distributed under the simplified BSD license, encouraging its use in both academic and commercial settings. Source code, binaries, and documentation can be downloaded from http://scikit-learn.org.
https://openalex.org/W3023540311;https://doi.org/10.5860/choice.27-0936;Genetic algorithms in search, optimization, and machine learning;Choice Reviews Online;1989;article;en;49332;[];[];[];['Computer science', 'Artificial intelligence', 'Machine learning', 'Quality control and genetic algorithms', 'Algorithm', 'Genetic algorithm', 'Meta-optimization'];['Computer science', 'Artificial intelligence', 'Machine learning', 'Quality control and genetic algorithms', 'Algorithm', 'Genetic algorithm', 'Meta-optimization'];"From the Publisher:
This book brings together - in an informal and tutorial fashion - the computer techniques, mathematical tools, and research results that will enable both students and practitioners to apply genetic algorithms to problems in many fields. 

Major concepts are illustrated with running examples, and major algorithms are illustrated by Pascal computer programs. No prior knowledge of GAs or genetics is assumed, and only a minimum of computer programming and mathematics background is required."
https://openalex.org/W2125055259;;C4.5: Programs for Machine Learning;;1992;book;en;23696;['J. R. Quinlan'];['University of Sydney'];[];['Computer science', 'Unix', 'Classifier (UML)', 'Machine learning', 'Artificial intelligence', 'Source code', 'Workstation', 'Software', 'Decision tree', 'Sample (material)', 'Software engineering', 'Data mining', 'Programming language', 'Operating system'];['Computer science', 'Unix', 'Classifier (UML)', 'Machine learning', 'Artificial intelligence', 'Source code', 'Workstation', 'Software', 'Decision tree', 'Sample (material)', 'Software engineering', 'Data mining', 'Programming language', 'Operating system', 'Chromatography', 'Chemistry'];Classifier systems play a major role in machine learning and knowledge-based systems, and Ross Quinlan's work on ID3 and C4.5 is widely acknowledged to have made some of the most significant contributions to their development. This book is a complete guide to the C4.5 system as implemented in C for the UNIX environment. It contains a comprehensive guide to the system's use , the source code (about 8,800 lines), and implementation notes. The source code and sample datasets are also available for download (see below). C4.5 starts with large sets of cases belonging to known classes. The cases,
https://openalex.org/W1570448133;https://doi.org/10.1016/c2009-0-19715-5;Data Mining: Practical Machine Learning Tools and Techniques;Elsevier eBooks;2011;book;en;25711;['Ian H. Witten', 'Eibe Frank', 'Mark A. Hall'];[];['https://openalex.org/W23418094', 'https://openalex.org/W24402856', 'https://openalex.org/W28412257', 'https://openalex.org/W43179442', 'https://openalex.org/W64096637', 'https://openalex.org/W66926763', 'https://openalex.org/W69783631', 'https://openalex.org/W122789262', 'https://openalex.org/W123339444', 'https://openalex.org/W138217685', 'https://openalex.org/W149472151', 'https://openalex.org/W173229765', 'https://openalex.org/W187357405', 'https://openalex.org/W586094522', 'https://openalex.org/W589058777', 'https://openalex.org/W1483135265', 'https://openalex.org/W1483679765', 'https://openalex.org/W1492324553', 'https://openalex.org/W1492698999', 'https://openalex.org/W1495859460', 'https://openalex.org/W1500698297', 'https://openalex.org/W1506285740', 'https://openalex.org/W1513366687', 'https://openalex.org/W1516443426', 'https://openalex.org/W1520687314', 'https://openalex.org/W1523856491', 'https://openalex.org/W1524704912', 'https://openalex.org/W1528113134', 'https://openalex.org/W1530010412', 'https://openalex.org/W1533544838', 'https://openalex.org/W1533946607', 'https://openalex.org/W1536719366', 'https://openalex.org/W1550206324', 'https://openalex.org/W1550821944', 'https://openalex.org/W1551066950', 'https://openalex.org/W1553019137', 'https://openalex.org/W1553313034', 'https://openalex.org/W1554663460', 'https://openalex.org/W1555244713', 'https://openalex.org/W1559060276', 'https://openalex.org/W1560107318', 'https://openalex.org/W1563088657', 'https://openalex.org/W1564947197', 'https://openalex.org/W1571836963', 'https://openalex.org/W1572964175', 'https://openalex.org/W1572978214', 'https://openalex.org/W1573228426', 'https://openalex.org/W1576962511', 'https://openalex.org/W1582036668', 'https://openalex.org/W1583700199', 'https://openalex.org/W1584333058', 'https://openalex.org/W1585221258', 'https://openalex.org/W1585610988', 'https://openalex.org/W1585743408', 'https://openalex.org/W1588100052', 'https://openalex.org/W1588282782', 'https://openalex.org/W1597165973', 'https://openalex.org/W1598333443', 'https://openalex.org/W1598696986', 'https://openalex.org/W1600437712', 'https://openalex.org/W1601529450', 'https://openalex.org/W1604345466', 'https://openalex.org/W1605275907', 'https://openalex.org/W1605688901', 'https://openalex.org/W1605957858', 'https://openalex.org/W1619226191', 'https://openalex.org/W1625504505', 'https://openalex.org/W1630964756', 'https://openalex.org/W1641039719', 'https://openalex.org/W1648885110', 'https://openalex.org/W1670263352', 'https://openalex.org/W1673310716', 'https://openalex.org/W1676820704', 'https://openalex.org/W1678889691', 'https://openalex.org/W1679846099', 'https://openalex.org/W1680392829', 'https://openalex.org/W1763728792', 'https://openalex.org/W1781794689', 'https://openalex.org/W1800049145', 'https://openalex.org/W1806329564', 'https://openalex.org/W1817561967', 'https://openalex.org/W1833977909', 'https://openalex.org/W1861764418', 'https://openalex.org/W1881647329', 'https://openalex.org/W1882120692', 'https://openalex.org/W1906182963', 'https://openalex.org/W1907578970', 'https://openalex.org/W1908888846', 'https://openalex.org/W1912123407', 'https://openalex.org/W1932571505', 'https://openalex.org/W1955600018', 'https://openalex.org/W1969482724', 'https://openalex.org/W1978515644', 'https://openalex.org/W1979711143', 'https://openalex.org/W1982161962', 'https://openalex.org/W1985593448', 'https://openalex.org/W1987947967', 'https://openalex.org/W1990748933', 'https://openalex.org/W1995945562', 'https://openalex.org/W2001619934', 'https://openalex.org/W2008906462', 'https://openalex.org/W2014725748', 'https://openalex.org/W2015401436', 'https://openalex.org/W2017337590', 'https://openalex.org/W2019575783', 'https://openalex.org/W2024046085', 'https://openalex.org/W2024646871', 'https://openalex.org/W2024668293', 'https://openalex.org/W2035890032', 'https://openalex.org/W2037603696', 'https://openalex.org/W2037768235', 'https://openalex.org/W2037965136', 'https://openalex.org/W2042385018', 'https://openalex.org/W2048679005', 'https://openalex.org/W2053154970', 'https://openalex.org/W2057720927', 'https://openalex.org/W2058732827', 'https://openalex.org/W2064853889', 'https://openalex.org/W2065861851', 'https://openalex.org/W2066636486', 'https://openalex.org/W2067098334', 'https://openalex.org/W2068337856', 'https://openalex.org/W2073308541', 'https://openalex.org/W2073583237', 'https://openalex.org/W2074610805', 'https://openalex.org/W2075665712', 'https://openalex.org/W2078579128', 'https://openalex.org/W2095749253', 'https://openalex.org/W2095897464', 'https://openalex.org/W2097089247', 'https://openalex.org/W2097569937', 'https://openalex.org/W2100406636', 'https://openalex.org/W2102009083', 'https://openalex.org/W2105494575', 'https://openalex.org/W2105497548', 'https://openalex.org/W2106393550', 'https://openalex.org/W2108949035', 'https://openalex.org/W2110119381', 'https://openalex.org/W2111746072', 'https://openalex.org/W2112076978', 'https://openalex.org/W2112841646', 'https://openalex.org/W2113242816', 'https://openalex.org/W2117812871', 'https://openalex.org/W2118020653', 'https://openalex.org/W2118383892', 'https://openalex.org/W2119821739', 'https://openalex.org/W2119885577', 'https://openalex.org/W2120216197', 'https://openalex.org/W2122111042', 'https://openalex.org/W2122410182', 'https://openalex.org/W2129113961', 'https://openalex.org/W2129249398', 'https://openalex.org/W2132166479', 'https://openalex.org/W2133632100', 'https://openalex.org/W2134696506', 'https://openalex.org/W2138064700', 'https://openalex.org/W2138621811', 'https://openalex.org/W2139059214', 'https://openalex.org/W2140190241', 'https://openalex.org/W2142767931', 'https://openalex.org/W2142819948', 'https://openalex.org/W2142957916', 'https://openalex.org/W2143349571', 'https://openalex.org/W2143426320', 'https://openalex.org/W2144907232', 'https://openalex.org/W2146257637', 'https://openalex.org/W2147492008', 'https://openalex.org/W2147810216', 'https://openalex.org/W2148949939', 'https://openalex.org/W2149706766', 'https://openalex.org/W2153028052', 'https://openalex.org/W2154318594', 'https://openalex.org/W2154642793', 'https://openalex.org/W2156909104', 'https://openalex.org/W2160642098', 'https://openalex.org/W2161077873', 'https://openalex.org/W2163915185', 'https://openalex.org/W2164818318', 'https://openalex.org/W2166559705', 'https://openalex.org/W2167793421', 'https://openalex.org/W2170112109', 'https://openalex.org/W2170654002', 'https://openalex.org/W2170726034', 'https://openalex.org/W2170913656', 'https://openalex.org/W2172162418', 'https://openalex.org/W2172780573', 'https://openalex.org/W2277957941', 'https://openalex.org/W2331052961', 'https://openalex.org/W2621280964', 'https://openalex.org/W2912934387', 'https://openalex.org/W2913066018', 'https://openalex.org/W2914369697', 'https://openalex.org/W2953014340', 'https://openalex.org/W2988864014', 'https://openalex.org/W3017143921', 'https://openalex.org/W3023540311', 'https://openalex.org/W3083113686', 'https://openalex.org/W3085162807', 'https://openalex.org/W3123294050', 'https://openalex.org/W3163638146', 'https://openalex.org/W3193477162', 'https://openalex.org/W3203633735', 'https://openalex.org/W3208887124'];['Computer science', 'Machine learning', 'Data science', 'Data mining', 'Artificial intelligence'];['Computer science', 'Machine learning', 'Data science', 'Data mining', 'Artificial intelligence'];"As with any burgeoning technology that enjoys commercial attention, the use of data mining is surrounded by a great deal of hype. Exaggerated reports tell of secrets that can be uncovered by setting algorithms loose on oceans of data. But there is no magic in machine learning, no hidden power, no alchemy. Instead there is an identifiable body of practical techniques that can extract useful information from raw data. This book describes these techniques and shows how they work. The book is a major revision of the first edition that appeared in 1999. While the basic core remains the same, it has been updated to reflect the changes that have taken place over five years, and now has nearly double the references. The highlights for the new edition include thirty new technique sections; an enhanced Weka machine learning workbench, which now features an interactive interface; comprehensive information on neural networks; a new section on Bayesian networks; plus much more."
https://openalex.org/W3120740533;;UCI Machine Learning Repository;Medical Entomology and Zoology;2007;article;en;24320;['Arthur Asuncion'];[];[];['Computer science', 'Artificial intelligence'];['Computer science', 'Artificial intelligence'];
https://openalex.org/W1663973292;https://doi.org/10.1117/1.2819119;Pattern Recognition and Machine Learning;Journal of Electronic Imaging;2007;article;en;22082;['Nasser M. Nasrabadi'];['West Virginia University', 'Microsoft Research (United Kingdom)'];['https://openalex.org/W1480376833', 'https://openalex.org/W1496317909', 'https://openalex.org/W2117812871', 'https://openalex.org/W3215037115', 'https://openalex.org/W4232383088', 'https://openalex.org/W4292691288'];['Computer science', 'Imaging science', 'Cover (algebra)', 'Data science', 'Artificial intelligence', 'Engineering'];['Computer science', 'Imaging science', 'Cover (algebra)', 'Data science', 'Artificial intelligence', 'Engineering', 'Mechanical engineering'];The <i>Journal of Electronic Imaging</i> (JEI), copublished bimonthly with the Society for Imaging Science and Technology, publishes peer-reviewed papers that cover research and applications in all areas of electronic imaging science and technology.
https://openalex.org/W1639032689;;Genetic Algorithms in Search, Optimization and Machine Learning;;1988;book;en;17771;['David E. Goldberg'];[];[];['Pascal (unit)', 'Computer science', 'Genetic programming', 'Genetic algorithm', 'Machine learning', 'Artificial intelligence', 'Quality control and genetic algorithms', 'Theoretical computer science', 'Algorithm', 'Programming language', 'Meta-optimization'];['Pascal (unit)', 'Computer science', 'Genetic programming', 'Genetic algorithm', 'Machine learning', 'Artificial intelligence', 'Quality control and genetic algorithms', 'Theoretical computer science', 'Algorithm', 'Programming language', 'Meta-optimization'];David Goldberg's Genetic Algorithms in Search, Optimization and Machine Learning is by far the bestselling introduction to genetic algorithms. Goldberg is one of the preeminent researchers in the field--he has published over 100 research articles on genetic algorithms and is a student of John Holland, the father of genetic algorithms--and his deep understanding of the material shines through. The book contains a complete listing of a simple genetic algorithm in Pascal, which C programmers can easily understand. The book covers all of the important topics in the field, including crossover, mutation, classifier systems, and fitness scaling, giving a novice with a computer science background enough information to implement a genetic algorithm and describe genetic algorithms to a friend.
https://openalex.org/W1583837637;https://doi.org/10.1145/1273496;Proceedings of the 24th international conference on Machine learning;;2007;preprint;en;11733;[];[];[];['Presentation (obstetrics)', 'Library science', 'Computer science', 'Medical education', 'Medicine'];['Presentation (obstetrics)', 'Library science', 'Computer science', 'Medical education', 'Medicine', 'Radiology'];This volume contains the papers accepted to the 24th International Conference on Machine Learning (ICML 2007), which was held at Oregon State University in Corvalis, Oregon, from June 20th to 24th, 2007. ICML is the annual conference of the International Machine Learning Society (IMLS), and provides a venue for the presentation and discussion of current research in the field of machine learning. These proceedings can also be found online at: http://www.machinelearning.org. This year there were 522 submissions to ICML. There was a very thorough review process, in which each paper was reviewed by three program committee (PC) members. Authors were able to respond to the initial reviews, and the PC members could then modify their reviews based on online discussions and the content of this author response. For the first time this year there were two discussion periods led by the senior program committee (SPC), one just before and one after the submission of author responses. At the end of the second discussion period, the SPC members gave their recommendations and provided a summary review for each of their papers. Also for the first time, authors were asked to submit a list of changes with their final accepted papers, which was checked by the SPCs to ensure that reviewer comments had been addressed. Apart from the length restrictions on papers and the compressed time frame, the review process for ICML resembles that of many journal publications. In total, 150 papers were accepted to ICML this year, including a very small number of papers which were initially conditionally accepted, yielding an overall acceptance rate of 29%. ICML attracts submissions from machine learning researchers around the globe. The 150 accepted papers this year were geographically distributed as follows: 66 papers had a first author from the US, 32 from Europe, 19 from China or Hong Kong, 11 from Canada, 6 from India, 5 each from Australia and Japan, 3 from Israel, and 1 each from Korea, Russia and Taiwan. In addition to the main program of accepted papers, which includes both a talk and poster presentation for each paper, the ICML program included 3 workshops and 8 tutorials on machine learning topics which are currently of broad interest. We were also extremely pleased to have David Heckerman (Microsoft Research), Joshua Tenenbaum (Massachussetts Institute of Technology), and Bernhard Schölkopf (Max Planck Institute for Biological Cybernetics) as the invited speakers this year. Thanks to sponsorship by the Machine Learning Journal, we were able to award a number of outstanding student paper prizes. We were fortunate this year that ICML was co-located with the International Conference on Inductive Logic Programming (ILP 2007). ICML and ILP held joint sessions on the first day of ICML 2007.
https://openalex.org/W1503398984;;Machine learning a probabilistic perspective;;2012;book;en;9327;['Kevin P. Murphy'];[];[];['Computer science', 'Probabilistic logic', 'Artificial intelligence', 'Field (mathematics)', 'Conditional random field', 'Heuristic', 'Machine learning', 'Graphical model', 'Regularization (linguistics)', 'Software', 'Programming language'];['Computer science', 'Probabilistic logic', 'Artificial intelligence', 'Field (mathematics)', 'Conditional random field', 'Heuristic', 'Machine learning', 'Graphical model', 'Regularization (linguistics)', 'Software', 'Programming language', 'Pure mathematics', 'Mathematics'];Today's Web-enabled deluge of electronic data calls for automated methods of data analysis. Machine learning provides these, developing methods that can automatically detect patterns in data and then use the uncovered patterns to predict future data. This textbook offers a comprehensive and self-contained introduction to the field of machine learning, based on a unified, probabilistic approach. The coverage combines breadth and depth, offering necessary background material on such topics as probability, optimization, and linear algebra as well as discussion of recent developments in the field, including conditional random fields, L1 regularization, and deep learning. The book is written in an informal, accessible style, complete with pseudo-code for the most important algorithms. All topics are copiously illustrated with color images and worked examples drawn from such application domains as biology, text processing, computer vision, and robotics. Rather than providing a cookbook of different heuristic methods, the book stresses a principled model-based approach, often using the language of graphical models to specify models in a concise and intuitive way. Almost all the models described have been implemented in a MATLAB software package--PMTK (probabilistic modeling toolkit)--that is freely available online. The book is suitable for upper-level undergraduates with an introductory-level college math background and beginning graduate students.
https://openalex.org/W1901616594;https://doi.org/10.1126/science.aaa8415;Machine learning: Trends, perspectives, and prospects;Science;2015;review;en;9497;['Michael I. Jordan', 'Tom M. Mitchell'];['University of California, Berkeley', 'Carnegie Mellon University'];['https://openalex.org/W99485931', 'https://openalex.org/W1503398984', 'https://openalex.org/W1512585804', 'https://openalex.org/W1554944419', 'https://openalex.org/W1569098853', 'https://openalex.org/W1873763122', 'https://openalex.org/W1970472910', 'https://openalex.org/W1992570774', 'https://openalex.org/W1999352252', 'https://openalex.org/W2006452405', 'https://openalex.org/W2019363670', 'https://openalex.org/W2042469398', 'https://openalex.org/W2047281923', 'https://openalex.org/W2076063813', 'https://openalex.org/W2097381042', 'https://openalex.org/W2100495367', 'https://openalex.org/W2117726420', 'https://openalex.org/W2127180992', 'https://openalex.org/W2132001804', 'https://openalex.org/W2145339207', 'https://openalex.org/W2146774335', 'https://openalex.org/W2151320232', 'https://openalex.org/W2160815625', 'https://openalex.org/W2163605009', 'https://openalex.org/W2174706414', 'https://openalex.org/W2618530766', 'https://openalex.org/W3102480238', 'https://openalex.org/W4214717370', 'https://openalex.org/W4231109964', 'https://openalex.org/W4238893454', 'https://openalex.org/W4244670803', 'https://openalex.org/W4292363360'];['Intersection (aeronautics)', 'Computer science', 'Artificial intelligence', 'Core (optical fiber)', 'Data science', 'Machine learning', 'Big data', 'Computation', 'Lying', 'Engineering', 'Data mining'];['Intersection (aeronautics)', 'Computer science', 'Artificial intelligence', 'Core (optical fiber)', 'Data science', 'Machine learning', 'Big data', 'Computation', 'Lying', 'Engineering', 'Data mining', 'Aerospace engineering', 'Radiology', 'Telecommunications', 'Medicine', 'Algorithm'];Machine learning addresses the question of how to build computers that improve automatically through experience. It is one of today's most rapidly growing technical fields, lying at the intersection of computer science and statistics, and at the core of artificial intelligence and data science. Recent progress in machine learning has been driven both by the development of new learning algorithms and theory and by the ongoing explosion in the availability of online data and low-cost computation. The adoption of data-intensive machine-learning methods can be found throughout science, technology and commerce, leading to more evidence-based decision-making across many walks of life, including health care, manufacturing, education, financial modeling, policing, and marketing.
https://openalex.org/W1746819321;https://doi.org/10.7551/mitpress/3206.001.0001;Gaussian Processes for Machine Learning;The MIT Press eBooks;2005;book;en;10487;['Carl Edward Rasmussen', 'Christopher K. I. Williams'];['Max Planck Institute for Biological Cybernetics', 'Max Planck Society'];['https://openalex.org/W14377099', 'https://openalex.org/W44447720', 'https://openalex.org/W61071295', 'https://openalex.org/W131514509', 'https://openalex.org/W186419298', 'https://openalex.org/W336602872', 'https://openalex.org/W1213006044', 'https://openalex.org/W1484867920', 'https://openalex.org/W1486089539', 'https://openalex.org/W1486164486', 'https://openalex.org/W1496317909', 'https://openalex.org/W1497675750', 'https://openalex.org/W1505043854', 'https://openalex.org/W1506153731', 'https://openalex.org/W1510355813', 'https://openalex.org/W1512098439', 'https://openalex.org/W1512149552', 'https://openalex.org/W1515272691', 'https://openalex.org/W1543996294', 'https://openalex.org/W1549258098', 'https://openalex.org/W1550570395', 'https://openalex.org/W1551209770', 'https://openalex.org/W1554663460', 'https://openalex.org/W1564947197', 'https://openalex.org/W1567512734', 'https://openalex.org/W1571894236', 'https://openalex.org/W1574225613', 'https://openalex.org/W1598589417', 'https://openalex.org/W1601740268', 'https://openalex.org/W1604293137', 'https://openalex.org/W1607751291', 'https://openalex.org/W1618393386', 'https://openalex.org/W1618449801', 'https://openalex.org/W1628829797', 'https://openalex.org/W1633751774', 'https://openalex.org/W1642427530', 'https://openalex.org/W1648445109', 'https://openalex.org/W1654787807', 'https://openalex.org/W1755117326', 'https://openalex.org/W1859781365', 'https://openalex.org/W1963533512', 'https://openalex.org/W1965999112', 'https://openalex.org/W1967396577', 'https://openalex.org/W1975780894', 'https://openalex.org/W1976382401', 'https://openalex.org/W1976625337', 'https://openalex.org/W1978188282', 'https://openalex.org/W1978394996', 'https://openalex.org/W1981025032', 'https://openalex.org/W1982032418', 'https://openalex.org/W1982276155', 'https://openalex.org/W1986280275', 'https://openalex.org/W1995672551', 'https://openalex.org/W1998167411', 'https://openalex.org/W2000241167', 'https://openalex.org/W2003706076', 'https://openalex.org/W2003870625', 'https://openalex.org/W2006314423', 'https://openalex.org/W2008827410', 'https://openalex.org/W2014831690', 'https://openalex.org/W2015904350', 'https://openalex.org/W2018044188', 'https://openalex.org/W2019363670', 'https://openalex.org/W2020999234', 'https://openalex.org/W2023163512', 'https://openalex.org/W2033839039', 'https://openalex.org/W2041863660', 'https://openalex.org/W2047028564', 'https://openalex.org/W2049387919', 'https://openalex.org/W2056735347', 'https://openalex.org/W2062291655', 'https://openalex.org/W2063852603', 'https://openalex.org/W2065540158', 'https://openalex.org/W2069371995', 'https://openalex.org/W2069527924', 'https://openalex.org/W2072555316', 'https://openalex.org/W2078206416', 'https://openalex.org/W2081873601', 'https://openalex.org/W2085877024', 'https://openalex.org/W2087978636', 'https://openalex.org/W2088538739', 'https://openalex.org/W2090102379', 'https://openalex.org/W2090353374', 'https://openalex.org/W2093268114', 'https://openalex.org/W2094169479', 'https://openalex.org/W2094212611', 'https://openalex.org/W2096335861', 'https://openalex.org/W2098115979', 'https://openalex.org/W2098626000', 'https://openalex.org/W2098949458', 'https://openalex.org/W2100136038', 'https://openalex.org/W2101709642', 'https://openalex.org/W2103972570', 'https://openalex.org/W2104533781', 'https://openalex.org/W2106868411', 'https://openalex.org/W2107152312', 'https://openalex.org/W2107636931', 'https://openalex.org/W2107725114', 'https://openalex.org/W2108966602', 'https://openalex.org/W2111176881', 'https://openalex.org/W2111494971', 'https://openalex.org/W2112545207', 'https://openalex.org/W2114229504', 'https://openalex.org/W2114412769', 'https://openalex.org/W2115606304', 'https://openalex.org/W2116723448', 'https://openalex.org/W2117063635', 'https://openalex.org/W2117812871', 'https://openalex.org/W2118195892', 'https://openalex.org/W2123687908', 'https://openalex.org/W2124101779', 'https://openalex.org/W2124225821', 'https://openalex.org/W2126455177', 'https://openalex.org/W2127713198', 'https://openalex.org/W2129564505', 'https://openalex.org/W2129869373', 'https://openalex.org/W2130475491', 'https://openalex.org/W2130859329', 'https://openalex.org/W2137467792', 'https://openalex.org/W2137557016', 'https://openalex.org/W2137956165', 'https://openalex.org/W2139479120', 'https://openalex.org/W2140170995', 'https://openalex.org/W2140251433', 'https://openalex.org/W2141274633', 'https://openalex.org/W2141436719', 'https://openalex.org/W2142182841', 'https://openalex.org/W2142387771', 'https://openalex.org/W2142575165', 'https://openalex.org/W2143022286', 'https://openalex.org/W2143956139', 'https://openalex.org/W2144286620', 'https://openalex.org/W2145295623', 'https://openalex.org/W2146766088', 'https://openalex.org/W2148603752', 'https://openalex.org/W2149417376', 'https://openalex.org/W2149846618', 'https://openalex.org/W2151238122', 'https://openalex.org/W2152701363', 'https://openalex.org/W2152937653', 'https://openalex.org/W2153347097', 'https://openalex.org/W2153756422', 'https://openalex.org/W2156909104', 'https://openalex.org/W2158451137', 'https://openalex.org/W2158529569', 'https://openalex.org/W2160840682', 'https://openalex.org/W2161767008', 'https://openalex.org/W2162114812', 'https://openalex.org/W2163057507', 'https://openalex.org/W2167061265', 'https://openalex.org/W2167986580', 'https://openalex.org/W2168022998', 'https://openalex.org/W2169779569', 'https://openalex.org/W2170076406', 'https://openalex.org/W2170078560', 'https://openalex.org/W2170120409', 'https://openalex.org/W2170334710', 'https://openalex.org/W2171522835', 'https://openalex.org/W2172039283', 'https://openalex.org/W2296319761', 'https://openalex.org/W2408196097', 'https://openalex.org/W2464224693', 'https://openalex.org/W2548695521', 'https://openalex.org/W2554813760', 'https://openalex.org/W2782810849', 'https://openalex.org/W2797583072', 'https://openalex.org/W2798909945', 'https://openalex.org/W2904816695', 'https://openalex.org/W2916304084', 'https://openalex.org/W2989448192', 'https://openalex.org/W3014600732', 'https://openalex.org/W3017143921', 'https://openalex.org/W3023786531', 'https://openalex.org/W3048078645', 'https://openalex.org/W3119264854', 'https://openalex.org/W3127325877', 'https://openalex.org/W3134067276', 'https://openalex.org/W3140968660', 'https://openalex.org/W3148924112', 'https://openalex.org/W3165771198'];['Machine learning', 'Artificial intelligence', 'Computer science', 'Online machine learning', 'Gaussian process', 'Probabilistic logic', 'Relevance vector machine', 'Support vector machine', 'Kernel method', 'Artificial neural network', 'Gaussian'];['Machine learning', 'Artificial intelligence', 'Computer science', 'Online machine learning', 'Gaussian process', 'Probabilistic logic', 'Relevance vector machine', 'Support vector machine', 'Kernel method', 'Artificial neural network', 'Gaussian', 'Quantum mechanics', 'Physics'];A comprehensive and self-contained introduction to Gaussian processes, which provide a principled, practical, probabilistic approach to learning in kernel machines.
https://openalex.org/W2997591727;https://doi.org/10.5555/1953048.2078195;Scikit-learn: Machine Learning in Python;Journal of Machine Learning Research;2011;article;en;8193;['PedregosaFabian', 'VaroquauxGaël', 'GramfortAlexandre', 'MichelVincent', 'ThirionBertrand', 'GriselOlivier', 'BlondelMathieu', 'PrettenhoferPeter', 'WeissRon', 'DubourgVincent', 'VanderplasJake', 'PassosAlexandre', 'CournapeauDavid', 'BrucherMatthieu', 'PerrotMatthieu', 'DuchesnayÉdouard'];[];[];['Python (programming language)', 'Computer science', 'Artificial intelligence', 'Machine learning', 'Programming language'];['Python (programming language)', 'Computer science', 'Artificial intelligence', 'Machine learning', 'Programming language'];Scikit-learn is a Python module integrating a wide range of state-of-the-art machine learning algorithms for medium-scale supervised and unsupervised problems. This package focuses on bringing mach...
https://openalex.org/W4212863985;https://doi.org/10.1007/978-0-387-45528-0;Pattern Recognition and Machine Learning;;2006;book;en;9852;[];[];[];['Computer science', 'Artificial intelligence', 'Pattern recognition (psychology)'];['Computer science', 'Artificial intelligence', 'Pattern recognition (psychology)'];
https://openalex.org/W2953384591;https://doi.org/10.48550/arxiv.1605.08695;TensorFlow: A system for large-scale machine learning;arXiv (Cornell University);2016;preprint;en;8815;['Martı́n Abadi', 'Paul Barham', 'Jianmin Chen', 'Zhifeng Chen', 'Andy Davis', 'Jay B. Dean', 'Matthieu Devin', 'Sanjay Ghemawat', 'Geoffrey Irving', 'Michael Isard', 'Manjunath Kudlur', 'Josh Levenberg', 'Rajat Monga', 'Sherry Moore', 'Derek G. Murray', 'Benoit Steiner', 'Paul A. Tucker', 'Vijay Vasudevan', 'Pete Warden', 'Martin Wicke', 'Yuan Yu', 'Xiaoqiang Zheng'];['Google (United States)'];['https://openalex.org/W104184427', 'https://openalex.org/W145476170', 'https://openalex.org/W941230081', 'https://openalex.org/W1442374986', 'https://openalex.org/W1484210532', 'https://openalex.org/W1485981043', 'https://openalex.org/W1493893823', 'https://openalex.org/W1498436455', 'https://openalex.org/W1548328233', 'https://openalex.org/W1598866093', 'https://openalex.org/W1658008008', 'https://openalex.org/W1667652561', 'https://openalex.org/W1869752048', 'https://openalex.org/W1978660892', 'https://openalex.org/W1992479210', 'https://openalex.org/W2041517243', 'https://openalex.org/W2055312318', 'https://openalex.org/W2061570747', 'https://openalex.org/W2066443755', 'https://openalex.org/W2072566913', 'https://openalex.org/W2083842231', 'https://openalex.org/W2099471712', 'https://openalex.org/W2100664567', 'https://openalex.org/W2109722477', 'https://openalex.org/W2117539524', 'https://openalex.org/W2120480077', 'https://openalex.org/W2131400476', 'https://openalex.org/W2131975293', 'https://openalex.org/W2132339004', 'https://openalex.org/W2140833774', 'https://openalex.org/W2141992894', 'https://openalex.org/W2145339207', 'https://openalex.org/W2146757372', 'https://openalex.org/W2160815625', 'https://openalex.org/W2163961697', 'https://openalex.org/W2168231600', 'https://openalex.org/W2173213060', 'https://openalex.org/W2186615578', 'https://openalex.org/W2198403777', 'https://openalex.org/W2259472270', 'https://openalex.org/W2308045930', 'https://openalex.org/W2336650964', 'https://openalex.org/W2339765813', 'https://openalex.org/W2384495648', 'https://openalex.org/W2591588155', 'https://openalex.org/W2949117887', 'https://openalex.org/W2949245006', 'https://openalex.org/W2949501655', 'https://openalex.org/W2949605076', 'https://openalex.org/W2949650786', 'https://openalex.org/W2949888546', 'https://openalex.org/W2950094539', 'https://openalex.org/W2950179405', 'https://openalex.org/W2950577311', 'https://openalex.org/W2951714314', 'https://openalex.org/W2951781666'];['Scale (ratio)', 'Computer science', 'Artificial intelligence', 'Machine learning', 'Cartography', 'Geography'];['Scale (ratio)', 'Computer science', 'Artificial intelligence', 'Machine learning', 'Cartography', 'Geography'];"TensorFlow is a machine learning system that operates at large scale and in heterogeneous environments. TensorFlow uses dataflow graphs to represent computation, shared state, and the operations that mutate that state. It maps the nodes of a dataflow graph across many machines in a cluster, and within a machine across multiple computational devices, including multicore CPUs, general-purpose GPUs, and custom designed ASICs known as Tensor Processing Units (TPUs). This architecture gives flexibility to the application developer: whereas in previous ""parameter server"" designs the management of shared state is built into the system, TensorFlow enables developers to experiment with novel optimizations and training algorithms. TensorFlow supports a variety of applications, with particularly strong support for training and inference on deep neural networks. Several Google services use TensorFlow in production, we have released it as an open-source project, and it has become widely used for machine learning research. In this paper, we describe the TensorFlow dataflow model in contrast to existing systems, and demonstrate the compelling performance that TensorFlow achieves for several real-world applications."
https://openalex.org/W2084812512;;UCI Repository of machine learning databases;Medical Entomology and Zoology;1998;article;en;10547;['Catherine Blake'];[];[];['Computer science', 'Database', 'Artificial intelligence'];['Computer science', 'Database', 'Artificial intelligence'];
https://openalex.org/W2118020653;https://doi.org/10.1145/505282.505283;Machine learning in automated text categorization;ACM Computing Surveys;2002;review;en;7884;['Fabrizio Sebastiani'];['Consorzio Pisa Ricerche'];['https://openalex.org/W12876238', 'https://openalex.org/W22906612', 'https://openalex.org/W35304842', 'https://openalex.org/W59979790', 'https://openalex.org/W74894479', 'https://openalex.org/W81384683', 'https://openalex.org/W81511778', 'https://openalex.org/W104970664', 'https://openalex.org/W107306860', 'https://openalex.org/W112196149', 'https://openalex.org/W116328816', 'https://openalex.org/W148103248', 'https://openalex.org/W166124110', 'https://openalex.org/W1482260847', 'https://openalex.org/W1487445520', 'https://openalex.org/W1490175418', 'https://openalex.org/W1493526108', 'https://openalex.org/W1505794130', 'https://openalex.org/W1507179106', 'https://openalex.org/W1508175965', 'https://openalex.org/W1513874326', 'https://openalex.org/W1514707997', 'https://openalex.org/W1520963883', 'https://openalex.org/W1522930027', 'https://openalex.org/W1523389133', 'https://openalex.org/W1523949738', 'https://openalex.org/W1533946607', 'https://openalex.org/W1544227718', 'https://openalex.org/W1547553618', 'https://openalex.org/W1550961891', 'https://openalex.org/W1553682320', 'https://openalex.org/W1556094091', 'https://openalex.org/W1561056154', 'https://openalex.org/W1574901103', 'https://openalex.org/W1576676390', 'https://openalex.org/W1577216492', 'https://openalex.org/W1578881253', 'https://openalex.org/W1591234214', 'https://openalex.org/W1592212241', 'https://openalex.org/W1594962278', 'https://openalex.org/W1597379537', 'https://openalex.org/W1601145406', 'https://openalex.org/W1619226191', 'https://openalex.org/W1620204465', 'https://openalex.org/W1813610639', 'https://openalex.org/W1857571498', 'https://openalex.org/W1907380269', 'https://openalex.org/W1924689489', 'https://openalex.org/W1966065191', 'https://openalex.org/W1969572066', 'https://openalex.org/W1970858159', 'https://openalex.org/W1970974276', 'https://openalex.org/W1971666241', 'https://openalex.org/W1973911615', 'https://openalex.org/W1975496312', 'https://openalex.org/W1977182536', 'https://openalex.org/W1978394996', 'https://openalex.org/W1979648751', 'https://openalex.org/W1980776671', 'https://openalex.org/W1983078185', 'https://openalex.org/W1986913017', 'https://openalex.org/W1988711048', 'https://openalex.org/W1989568037', 'https://openalex.org/W1989738209', 'https://openalex.org/W1993657037', 'https://openalex.org/W1993934121', 'https://openalex.org/W1995014490', 'https://openalex.org/W2001664274', 'https://openalex.org/W2002675557', 'https://openalex.org/W2002857471', 'https://openalex.org/W2003436527', 'https://openalex.org/W2004180556', 'https://openalex.org/W2004871537', 'https://openalex.org/W2005422315', 'https://openalex.org/W2005758492', 'https://openalex.org/W2006119904', 'https://openalex.org/W2006187024', 'https://openalex.org/W2007395264', 'https://openalex.org/W2007512902', 'https://openalex.org/W2008931716', 'https://openalex.org/W2009190245', 'https://openalex.org/W2010652031', 'https://openalex.org/W2013657661', 'https://openalex.org/W2015267443', 'https://openalex.org/W2015518873', 'https://openalex.org/W2017867386', 'https://openalex.org/W2019778169', 'https://openalex.org/W2020316999', 'https://openalex.org/W2025451713', 'https://openalex.org/W2029609769', 'https://openalex.org/W2033751006', 'https://openalex.org/W2035754578', 'https://openalex.org/W2040424159', 'https://openalex.org/W2041726831', 'https://openalex.org/W2043909051', 'https://openalex.org/W2045812729', 'https://openalex.org/W2047031127', 'https://openalex.org/W2049384587', 'https://openalex.org/W2053463056', 'https://openalex.org/W2058982198', 'https://openalex.org/W2059019405', 'https://openalex.org/W2060216474', 'https://openalex.org/W2060476676', 'https://openalex.org/W2060704583', 'https://openalex.org/W2062847911', 'https://openalex.org/W2062914707', 'https://openalex.org/W2063198646', 'https://openalex.org/W2063862666', 'https://openalex.org/W2064580901', 'https://openalex.org/W2065010255', 'https://openalex.org/W2065747622', 'https://openalex.org/W2066462377', 'https://openalex.org/W2071415686', 'https://openalex.org/W2071664212', 'https://openalex.org/W2076008912', 'https://openalex.org/W2077777431', 'https://openalex.org/W2080251601', 'https://openalex.org/W2084044465', 'https://openalex.org/W2085302848', 'https://openalex.org/W2085989833', 'https://openalex.org/W2087609354', 'https://openalex.org/W2088658068', 'https://openalex.org/W2092134162', 'https://openalex.org/W2092488901', 'https://openalex.org/W2092689128', 'https://openalex.org/W2093098531', 'https://openalex.org/W2094934653', 'https://openalex.org/W2096152098', 'https://openalex.org/W2096411881', 'https://openalex.org/W2097089247', 'https://openalex.org/W2097847889', 'https://openalex.org/W2101154521', 'https://openalex.org/W2104808840', 'https://openalex.org/W2106365165', 'https://openalex.org/W2107008379', 'https://openalex.org/W2107827038', 'https://openalex.org/W2110224739', 'https://openalex.org/W2114535528', 'https://openalex.org/W2125776553', 'https://openalex.org/W2126502509', 'https://openalex.org/W2126631147', 'https://openalex.org/W2126850915', 'https://openalex.org/W2127994451', 'https://openalex.org/W2130337399', 'https://openalex.org/W2132315067', 'https://openalex.org/W2133890944', 'https://openalex.org/W2135276756', 'https://openalex.org/W2139578439', 'https://openalex.org/W2140785063', 'https://openalex.org/W2140956226', 'https://openalex.org/W2142515059', 'https://openalex.org/W2145036943', 'https://openalex.org/W2145296344', 'https://openalex.org/W2146888100', 'https://openalex.org/W2147152072', 'https://openalex.org/W2149684865', 'https://openalex.org/W2151801809', 'https://openalex.org/W2153211312', 'https://openalex.org/W2153962014', 'https://openalex.org/W2158738673', 'https://openalex.org/W2165612380', 'https://openalex.org/W2169384781', 'https://openalex.org/W2170654002', 'https://openalex.org/W2172142456', 'https://openalex.org/W2174678383', 'https://openalex.org/W2435251607', 'https://openalex.org/W2561675875', 'https://openalex.org/W2798573942', 'https://openalex.org/W2915186198', 'https://openalex.org/W2949696181', 'https://openalex.org/W2952299822', 'https://openalex.org/W2953123431', 'https://openalex.org/W3042893949', 'https://openalex.org/W3157411736', 'https://openalex.org/W4205241946', 'https://openalex.org/W4240008182', 'https://openalex.org/W4249379282', 'https://openalex.org/W4285719527', 'https://openalex.org/W6604296810', 'https://openalex.org/W6614676750', 'https://openalex.org/W6629232668', 'https://openalex.org/W6630268012', 'https://openalex.org/W6631307659', 'https://openalex.org/W6632118081', 'https://openalex.org/W6633640926', 'https://openalex.org/W6635379667', 'https://openalex.org/W6635548358', 'https://openalex.org/W6636628491', 'https://openalex.org/W6638423001', 'https://openalex.org/W6641777427', 'https://openalex.org/W6643036076', 'https://openalex.org/W6644484350', 'https://openalex.org/W6666817399', 'https://openalex.org/W6673691841', 'https://openalex.org/W6673781366', 'https://openalex.org/W6679004887', 'https://openalex.org/W6679453733', 'https://openalex.org/W6681835404', 'https://openalex.org/W6682342947', 'https://openalex.org/W6738852829', 'https://openalex.org/W6792154874', 'https://openalex.org/W6794861161', 'https://openalex.org/W7046466245', 'https://openalex.org/W7064660697'];['Computer science', 'Categorization', 'Software portability', 'Artificial intelligence', 'Classifier (UML)', 'Machine learning', 'Text categorization', 'Natural language processing'];['Computer science', 'Categorization', 'Software portability', 'Artificial intelligence', 'Classifier (UML)', 'Machine learning', 'Text categorization', 'Natural language processing', 'Programming language'];The automated categorization (or classification) of texts into predefined categories has witnessed a booming interest in the last 10 years, due to the increased availability of documents in digital form and the ensuing need to organize them. In the research community the dominant approach to this problem is based on machine learning techniques: a general inductive process automatically builds a classifier by learning, from a set of preclassified documents, the characteristics of the categories. The advantages of this approach over the knowledge engineering approach (consisting in the manual definition of a classifier by domain experts) are a very good effectiveness, considerable savings in terms of expert labor power, and straightforward portability to different domains. This survey discusses the main approaches to text categorization that fall within the machine learning paradigm. We will discuss in detail issues pertaining to three different problems, namely, document representation, classifier construction, and classifier evaluation.
https://openalex.org/W1504694836;;Programs for Machine Learning;;1994;article;en;5804;['Steven L. Salzberg', 'Alberto M. Segre'];['Johns Hopkins University'];['https://openalex.org/W1534707631', 'https://openalex.org/W1573640198', 'https://openalex.org/W1594031697', 'https://openalex.org/W1604329830', 'https://openalex.org/W2149706766', 'https://openalex.org/W3085162807'];['Successor cardinal', 'Artificial intelligence', 'Computer science', 'Decision tree', 'Machine learning', 'Subject (documents)', 'ID3 algorithm', 'Decision tree learning', 'Incremental decision tree', 'World Wide Web', 'Mathematics'];['Successor cardinal', 'Artificial intelligence', 'Computer science', 'Decision tree', 'Machine learning', 'Subject (documents)', 'ID3 algorithm', 'Decision tree learning', 'Incremental decision tree', 'World Wide Web', 'Mathematics', 'Mathematical analysis'];Algorithms for constructing decision trees are among the most well known and widely used of all machine learning methods. Among decision tree algorithms, J. Ross Quinlan's ID3 and its successor, C4.5, are probably the most popular in the machine learning community. These algorithms and variations on them have been the subject of numerous research papers since Quinlan introduced ID3. Until recently, most researchers looking for an introduction to decision trees turned to Quinlan's seminal 1986 Machine Learning journal article [Quinlan, 1986]. In his new book, C4.5: Programs for Machine Learning, Quinlan has put together a definitive, much needed description of his complete system, including the latest developments. As such, this book will be a welcome addition to the library of many researchers and students.
https://openalex.org/W2271840356;https://doi.org/10.48550/arxiv.1603.04467;TensorFlow: Large-Scale Machine Learning on Heterogeneous Distributed Systems;arXiv (Cornell University);2016;preprint;en;9772;['Martı́n Abadi', 'Ashish Agarwal', 'Paul Barham', 'Eugene Brevdo', 'Zhifeng Chen', 'Craig Citro', 'Gregory S. Corrado', 'Andy Davis', 'Jay B. Dean', 'Matthieu Devin', 'Sanjay Ghemawat', 'Ian Goodfellow', 'Andrew Harp', 'Geoffrey Irving', 'Michael Isard', 'Yangqing Jia', 'Rafał Józefowicz', 'Łukasz Kaiser', 'Manjunath Kudlur', 'Josh Levenberg', 'Dan Mané', 'Rajat Monga', 'Sherry Moore', 'Derek G. Murray', 'Chris Olah', 'Mike Schuster', 'Jonathon Shlens', 'Benoit Steiner', 'Ilya Sutskever', 'Kunal Talwar', 'Paul A. Tucker', 'Vincent Vanhoucke', 'Vijay Vasudevan', 'Fernanda Viégas', 'Oriol Vinyals', 'Pete Warden', 'Martin Wattenberg', 'Martin Wicke', 'Yuan Yu', 'Xiaoqiang Zheng'];[];['https://openalex.org/W1442374986', 'https://openalex.org/W1484210532', 'https://openalex.org/W1487337216', 'https://openalex.org/W1498436455', 'https://openalex.org/W1526734559', 'https://openalex.org/W1548328233', 'https://openalex.org/W1598866093', 'https://openalex.org/W1614298861', 'https://openalex.org/W1658008008', 'https://openalex.org/W1667652561', 'https://openalex.org/W1738019091', 'https://openalex.org/W1827297289', 'https://openalex.org/W1869752048', 'https://openalex.org/W1947291763', 'https://openalex.org/W1978660892', 'https://openalex.org/W1978924650', 'https://openalex.org/W2002257715', 'https://openalex.org/W2016053056', 'https://openalex.org/W2017351599', 'https://openalex.org/W2032036568', 'https://openalex.org/W2035424729', 'https://openalex.org/W2055312318', 'https://openalex.org/W2064675550', 'https://openalex.org/W2082171780', 'https://openalex.org/W2097117768', 'https://openalex.org/W2100830825', 'https://openalex.org/W2123024445', 'https://openalex.org/W2130942839', 'https://openalex.org/W2131975293', 'https://openalex.org/W2138243089', 'https://openalex.org/W2141992894', 'https://openalex.org/W2146757372', 'https://openalex.org/W2155893237', 'https://openalex.org/W2160815625', 'https://openalex.org/W2168231600', 'https://openalex.org/W2171532807', 'https://openalex.org/W2181607856', 'https://openalex.org/W2253807446', 'https://openalex.org/W2507756961', 'https://openalex.org/W2949117887', 'https://openalex.org/W2950789693', 'https://openalex.org/W2951781666'];['Scale (ratio)', 'Computer science', 'Artificial intelligence', 'Machine learning', 'Distributed computing', 'Geography', 'Cartography'];['Scale (ratio)', 'Computer science', 'Artificial intelligence', 'Machine learning', 'Distributed computing', 'Geography', 'Cartography'];TensorFlow is an interface for expressing machine learning algorithms, and an implementation for executing such algorithms. A computation expressed using TensorFlow can be executed with little or no change on a wide variety of heterogeneous systems, ranging from mobile devices such as phones and tablets up to large-scale distributed systems of hundreds of machines and thousands of computational devices such as GPU cards. The system is flexible and can be used to express a wide variety of algorithms, including training and inference algorithms for deep neural network models, and it has been used for conducting research and for deploying machine learning systems into production across more than a dozen areas of computer science and other fields, including speech recognition, computer vision, robotics, information retrieval, natural language processing, geographic information extraction, and computational drug discovery. This paper describes the TensorFlow interface and an implementation of that interface that we have built at Google. The TensorFlow API and a reference implementation were released as an open-source package under the Apache 2.0 license in November, 2015 and are available at www.tensorflow.org.
https://openalex.org/W3163993681;https://doi.org/10.1038/s42254-021-00314-5;Physics-informed machine learning;Nature Reviews Physics;2021;review;en;6362;['George Em Karniadakis', 'Ioannis G. Kevrekidis', 'Lu Lu', 'Paris Perdikaris', 'Sifan Wang', 'Liu Yang'];['Massachusetts Institute of Technology', 'University of Pennsylvania', 'Johns Hopkins University', 'Brown University', 'Applied Mathematics (United States)'];['https://openalex.org/W196871588', 'https://openalex.org/W1538131130', 'https://openalex.org/W1543241987', 'https://openalex.org/W1731081199', 'https://openalex.org/W1856502440', 'https://openalex.org/W1899249567', 'https://openalex.org/W1972005403', 'https://openalex.org/W1972576201', 'https://openalex.org/W1976068300', 'https://openalex.org/W1979769287', 'https://openalex.org/W2000359198', 'https://openalex.org/W2002355073', 'https://openalex.org/W2017880874', 'https://openalex.org/W2018159038', 'https://openalex.org/W2019465613', 'https://openalex.org/W2020561998', 'https://openalex.org/W2025444507', 'https://openalex.org/W2060229389', 'https://openalex.org/W2072072671', 'https://openalex.org/W2099471712', 'https://openalex.org/W2101371964', 'https://openalex.org/W2125645174', 'https://openalex.org/W2134164499', 'https://openalex.org/W2142894919', 'https://openalex.org/W2143225719', 'https://openalex.org/W2149498546', 'https://openalex.org/W2158985775', 'https://openalex.org/W2194775991', 'https://openalex.org/W2212370034', 'https://openalex.org/W2234882433', 'https://openalex.org/W2239232218', 'https://openalex.org/W2261689926', 'https://openalex.org/W2277172374', 'https://openalex.org/W2323851192', 'https://openalex.org/W2402144811', 'https://openalex.org/W2474090883', 'https://openalex.org/W2486824498', 'https://openalex.org/W2507348356', 'https://openalex.org/W2534240011', 'https://openalex.org/W2550848904', 'https://openalex.org/W2551156993', 'https://openalex.org/W2558748708', 'https://openalex.org/W2573864470', 'https://openalex.org/W2600297185', 'https://openalex.org/W2605147767', 'https://openalex.org/W2619381903', 'https://openalex.org/W2742127985', 'https://openalex.org/W2749028154', 'https://openalex.org/W2777417212', 'https://openalex.org/W2783378529', 'https://openalex.org/W2786232134', 'https://openalex.org/W2787931125', 'https://openalex.org/W2803629276', 'https://openalex.org/W2809090039', 'https://openalex.org/W2810026216', 'https://openalex.org/W2811199191', 'https://openalex.org/W2856628251', 'https://openalex.org/W2884775584', 'https://openalex.org/W2886802770', 'https://openalex.org/W2887569307', 'https://openalex.org/W2890889625', 'https://openalex.org/W2890968382', 'https://openalex.org/W2893749619', 'https://openalex.org/W2893813411', 'https://openalex.org/W2896549049', 'https://openalex.org/W2897097528', 'https://openalex.org/W2899283552', 'https://openalex.org/W2899971035', 'https://openalex.org/W2900369848', 'https://openalex.org/W2901203181', 'https://openalex.org/W2907047316', 'https://openalex.org/W2908541468', 'https://openalex.org/W2909320927', 'https://openalex.org/W2912389156', 'https://openalex.org/W2912465314', 'https://openalex.org/W2912649832', 'https://openalex.org/W2913323966', 'https://openalex.org/W2914483840', 'https://openalex.org/W2914520121', 'https://openalex.org/W2919958648', 'https://openalex.org/W2936357167', 'https://openalex.org/W2945102878', 'https://openalex.org/W2946794331', 'https://openalex.org/W2946866513', 'https://openalex.org/W2947072793', 'https://openalex.org/W2951392159', 'https://openalex.org/W2952046647', 'https://openalex.org/W2959995783', 'https://openalex.org/W2962793481', 'https://openalex.org/W2963021886', 'https://openalex.org/W2963063862', 'https://openalex.org/W2963095610', 'https://openalex.org/W2963190151', 'https://openalex.org/W2963518130', 'https://openalex.org/W2963634130', 'https://openalex.org/W2963716063', 'https://openalex.org/W2963755523', 'https://openalex.org/W2963901342', 'https://openalex.org/W2964059111', 'https://openalex.org/W2964088238', 'https://openalex.org/W2964121744', 'https://openalex.org/W2964135722', 'https://openalex.org/W2964212578', 'https://openalex.org/W2964268978', 'https://openalex.org/W2966284335', 'https://openalex.org/W2969381807', 'https://openalex.org/W2970100546', 'https://openalex.org/W2970971581', 'https://openalex.org/W2971095480', 'https://openalex.org/W2971343405', 'https://openalex.org/W2972153210', 'https://openalex.org/W2973886134', 'https://openalex.org/W2975003945', 'https://openalex.org/W2977109506', 'https://openalex.org/W2978281981', 'https://openalex.org/W2979712029', 'https://openalex.org/W2979786244', 'https://openalex.org/W2980147119', 'https://openalex.org/W2980592884', 'https://openalex.org/W2980973551', 'https://openalex.org/W2983902802', 'https://openalex.org/W2991298115', 'https://openalex.org/W2991550674', 'https://openalex.org/W2994626356', 'https://openalex.org/W2994747787', 'https://openalex.org/W2997814214', 'https://openalex.org/W2999026783', 'https://openalex.org/W2999467285', 'https://openalex.org/W3003747211', 'https://openalex.org/W3003922491', 'https://openalex.org/W3004450693', 'https://openalex.org/W3005610174', 'https://openalex.org/W3007470329', 'https://openalex.org/W3007740214', 'https://openalex.org/W3008453832', 'https://openalex.org/W3009784374', 'https://openalex.org/W3010849941', 'https://openalex.org/W3011147100', 'https://openalex.org/W3011806874', 'https://openalex.org/W3012417314', 'https://openalex.org/W3012621877', 'https://openalex.org/W3014009018', 'https://openalex.org/W3014468003', 'https://openalex.org/W3015176898', 'https://openalex.org/W3015606043', 'https://openalex.org/W3015865829', 'https://openalex.org/W3016703299', 'https://openalex.org/W3022657828', 'https://openalex.org/W3023982288', 'https://openalex.org/W3025645353', 'https://openalex.org/W3026222427', 'https://openalex.org/W3028316595', 'https://openalex.org/W3028529071', 'https://openalex.org/W3035493266', 'https://openalex.org/W3036843665', 'https://openalex.org/W3037090957', 'https://openalex.org/W3039304986', 'https://openalex.org/W3040277050', 'https://openalex.org/W3041984619', 'https://openalex.org/W3043174105', 'https://openalex.org/W3043516796', 'https://openalex.org/W3045146186', 'https://openalex.org/W3046173836', 'https://openalex.org/W3047001618', 'https://openalex.org/W3048241795', 'https://openalex.org/W3049075514', 'https://openalex.org/W3080393992', 'https://openalex.org/W3081814969', 'https://openalex.org/W3082908155', 'https://openalex.org/W3082977546', 'https://openalex.org/W3084017095', 'https://openalex.org/W3088681382', 'https://openalex.org/W3088691598', 'https://openalex.org/W3088877001', 'https://openalex.org/W3093018961', 'https://openalex.org/W3093190107', 'https://openalex.org/W3093786597', 'https://openalex.org/W3093990252', 'https://openalex.org/W3096173239', 'https://openalex.org/W3096732413', 'https://openalex.org/W3098172061', 'https://openalex.org/W3098195931', 'https://openalex.org/W3098370560', 'https://openalex.org/W3098546160', 'https://openalex.org/W3098951945', 'https://openalex.org/W3099849883', 'https://openalex.org/W3100156752', 'https://openalex.org/W3101260193', 'https://openalex.org/W3101396145', 'https://openalex.org/W3102139197', 'https://openalex.org/W3102569296', 'https://openalex.org/W3102697518', 'https://openalex.org/W3102845444', 'https://openalex.org/W3102921872', 'https://openalex.org/W3103242287', 'https://openalex.org/W3104150464', 'https://openalex.org/W3104873019', 'https://openalex.org/W3105982350', 'https://openalex.org/W3106050203', 'https://openalex.org/W3107691001', 'https://openalex.org/W3107973042', 'https://openalex.org/W3112233611', 'https://openalex.org/W3112264320', 'https://openalex.org/W3116268267', 'https://openalex.org/W3118310857', 'https://openalex.org/W3125167458', 'https://openalex.org/W3128400532', 'https://openalex.org/W3129530645', 'https://openalex.org/W3129610195', 'https://openalex.org/W3132277775', 'https://openalex.org/W3133338006', 'https://openalex.org/W3133608513', 'https://openalex.org/W3137240924', 'https://openalex.org/W3137474564', 'https://openalex.org/W3138463430', 'https://openalex.org/W3145000844', 'https://openalex.org/W3148629269', 'https://openalex.org/W3168386838', 'https://openalex.org/W3181271387', 'https://openalex.org/W3201460085', 'https://openalex.org/W3207890637', 'https://openalex.org/W4230953281', 'https://openalex.org/W4234008654', 'https://openalex.org/W6694756022', 'https://openalex.org/W6713134421', 'https://openalex.org/W6755308174', 'https://openalex.org/W6763197053', 'https://openalex.org/W6787451610'];['Computer science', 'Artificial intelligence', 'Machine learning', 'Multiphysics', 'Inference', 'Artificial neural network', 'Physical law', 'Field (mathematics)', 'Discretization', 'Kernel method', 'Deep learning', 'Theoretical computer science', 'Mathematics', 'Support vector machine', 'Finite element method'];['Computer science', 'Artificial intelligence', 'Machine learning', 'Multiphysics', 'Inference', 'Artificial neural network', 'Physical law', 'Field (mathematics)', 'Discretization', 'Kernel method', 'Deep learning', 'Theoretical computer science', 'Mathematics', 'Support vector machine', 'Finite element method', 'Mathematical analysis', 'Philosophy', 'Pure mathematics', 'Physics', 'Epistemology', 'Thermodynamics'];
https://openalex.org/W1601795611;https://doi.org/10.1108/03684920710743466;Pattern Recognition and Machine Learning;Kybernetes;2007;article;en;8434;[];[];[];['Computer science', 'Cybernetics', 'Artificial intelligence', 'Machine learning'];['Computer science', 'Cybernetics', 'Artificial intelligence', 'Machine learning'];
